﻿{
  "pageSize": 10,
  "pageNumber": 1,
  "recordCount": 2,
  "name": "dsFeeDetail",
  "rowSetName": "ncm.opb.OPB_FEEDETAIL",
  "condition": "[OPB_FEEDETAIL_INVOICEID]=? ORDER BY OPB_FEEDETAIL_FEEDATE DESC",
  "parameters": [
    [
      "214667460",
      "12"
    ]
  ],
  "context": {
    "BUSINESS_ID": "",
    "BUSINESS_REQUEST_ID": "",
    "CUSTOMVPDPARA": ""
  },
  "metaData": {
    "OPB_FEEDETAIL_FEEITEMID": {
      "dataType": 12
    },
    "OPB_FEEDETAIL_ORGCODE": {
      "dataType": 12
    },
    "OPB_FEEDETAIL_REGID": {
      "dataType": 12
    },
    "OPB_FEEDETAIL_RECIPEID": {
      "dataType": 12
    },
    "OPB_FEEDETAIL_SEQNO": {
      "dataType": 3
    },
    "OPB_FEEDETAIL_TRANSTYPE": {
      "dataType": 12
    },
    "OPB_FEEDETAIL_REGDPCD": {
      "dataType": 12
    },
    "OPB_FEEDETAIL_DOCTCODE": {
      "dataType": 12
    },
    "OPB_FEEDETAIL_GROUPID": {
      "dataType": 12
    },
    "OPB_FEEDETAIL_GROUPNAME": {
      "dataType": 12
    },
    "OPB_FEEDETAIL_ITEMID": {
      "dataType": 12
    },
    "OPB_FEEDETAIL_ITEMNAME": {
      "dataType": 12
    },
    "OPB_FEEDETAIL_DRUGFLAG": {
      "dataType": 12
    },
    "OPB_FEEDETAIL_SPECS": {
      "dataType": 12
    },
    "OPB_FEEDETAIL_DOSEMODELCODE": {
      "dataType": 12
    },
    "OPB_FEEDETAIL_FEECODE": {
      "dataType": 12
    },
    "OPB_FEEDETAIL_UNITPRICE": {
      "dataType": 3
    },
    "OPB_FEEDETAIL_QTY": {
      "dataType": 3
    },
    "OPB_FEEDETAIL_DAYS": {
      "dataType": 3
    },
    "OPB_FEEDETAIL_PACKQTY": {
      "dataType": 3
    },
    "OPB_FEEDETAIL_PRICEUNIT": {
      "dataType": 12
    },
    "OPB_FEEDETAIL_TOTCOST": {
      "dataType": 3
    },
    "OPB_FEEDETAIL_OWNCOST": {
      "dataType": 3
    },
    "OPB_FEEDETAIL_PAYCOST": {
      "dataType": 3
    },
    "OPB_FEEDETAIL_PUBCOST": {
      "dataType": 3
    },
    "OPB_FEEDETAIL_EXECDPCD": {
      "dataType": 12
    },
    "OPB_FEEDETAIL_EXECDPNM": {
      "dataType": 12
    },
    "OPB_FEEDETAIL_SICODE": {
      "dataType": 12
    },
    "OPB_FEEDETAIL_ITEMGRADE": {
      "dataType": 12
    },
    "OPB_FEEDETAIL_ITEMSTATUS": {
      "dataType": 12
    },
    "OPB_FEEDETAIL_INVOICEID": {
      "dataType": 12
    },
    "OPB_FEEDETAIL_INVOCODE": {
      "dataType": 12
    },
    "OPB_FEEDETAIL_FEEOPCD": {
      "dataType": 12
    },
    "OPB_FEEDETAIL_FEEDATE": {
      "dataType": 91
    },
    "ITEMTYPE": {
      "dataType": 12
    },
    "INVONAME": {
      "dataType": 12
    },
    "PRINTNO": {
      "dataType": 8
    },
    "DAYS": {
      "dataType": 8
    },
    "SCALRATION": {
      "dataType": 3
    },
    "OPB_FEEDETAIL_SENDFLAG": {
      "dataType": 12
    },
    "OPB_FEEDETAIL_RETURNQTY": {
      "dataType": 3
    },
    "RETURNCOST": {
      "dataType": 8
    },
    "OPB_FEEDETAIL_DRUGTYPE": {
      "dataType": 12
    },
    "QUITQTY": {
      "dataType": 8
    },
    "changeRecipeNo": {
      "dataType": 12
    },
    "QUITPRICEUNIT": {
      "dataType": 12
    },
    "ORDERID": {
      "dataType": 12
    },
    "AKC228": {
      "dataType": 3
    },
    "AKE051": {
      "dataType": 3
    },
    "AKC268": {
      "dataType": 3
    },
    "ISSELFFLAG": {
      "dataType": 12
    },
    "EXT1": {
      "dataType": 12
    },
    "EXT2": {
      "dataType": 12
    },
    "EXT3": {
      "dataType": 12
    },
    "HOSSERIAL": {
      "dataType": 12
    },
    "EXT4": {
      "dataType": 12
    },
    "EXT5": {
      "dataType": 12
    },
    "DOSEUNIT": {
      "dataType": 12
    },
    "BATCHNO": {
      "dataType": 12
    },
    "VALIDDATE": {
      "dataType": 91
    }
  },
  "rowSet": {
    "primary": [
      {
        "OPB_FEEDETAIL_FEEITEMID": "214667279",
        "OPB_FEEDETAIL_ORGCODE": "51049064",
        "OPB_FEEDETAIL_REGID": "214667458",
        "OPB_FEEDETAIL_RECIPEID": "42952633",
        "OPB_FEEDETAIL_SEQNO": "1",
        "OPB_FEEDETAIL_TRANSTYPE": "1",
        "OPB_FEEDETAIL_REGDPCD": "015",
        "OPB_FEEDETAIL_DOCTCODE": "081",
        "OPB_FEEDETAIL_GROUPID": null,
        "OPB_FEEDETAIL_GROUPNAME": null,
        "OPB_FEEDETAIL_ITEMID": "X1490152432712",
        "OPB_FEEDETAIL_ITEMNAME": "预防接种服务费",
        "OPB_FEEDETAIL_DRUGFLAG": "0",
        "OPB_FEEDETAIL_SPECS": "次",
        "OPB_FEEDETAIL_DOSEMODELCODE": null,
        "OPB_FEEDETAIL_FEECODE": "91",
        "OPB_FEEDETAIL_UNITPRICE": "22",
        "OPB_FEEDETAIL_QTY": "1",
        "OPB_FEEDETAIL_DAYS": "1",
        "OPB_FEEDETAIL_PACKQTY": "0",
        "OPB_FEEDETAIL_PRICEUNIT": "次/人",
        "OPB_FEEDETAIL_TOTCOST": "22",
        "OPB_FEEDETAIL_OWNCOST": "22",
        "OPB_FEEDETAIL_PAYCOST": "0",
        "OPB_FEEDETAIL_PUBCOST": "0",
        "OPB_FEEDETAIL_EXECDPCD": "006",
        "OPB_FEEDETAIL_EXECDPNM": "外科门诊",
        "OPB_FEEDETAIL_SICODE": null,
        "OPB_FEEDETAIL_ITEMGRADE": "3",
        "OPB_FEEDETAIL_ITEMSTATUS": "0",
        "OPB_FEEDETAIL_INVOICEID": "214667460",
        "OPB_FEEDETAIL_INVOCODE": "91",
        "OPB_FEEDETAIL_FEEOPCD": "081",
        "OPB_FEEDETAIL_FEEDATE": "1497512263000",
        "ITEMTYPE": null,
        "INVONAME": null,
        "PRINTNO": null,
        "DAYS": null,
        "SCALRATION": "1",
        "OPB_FEEDETAIL_SENDFLAG": "0",
        "OPB_FEEDETAIL_RETURNQTY": null,
        "RETURNCOST": null,
        "OPB_FEEDETAIL_DRUGTYPE": null,
        "QUITQTY": null,
        "changeRecipeNo": null,
        "QUITPRICEUNIT": null,
        "ORDERID": null,
        "AKC228": null,
        "AKE051": null,
        "AKC268": null,
        "ISSELFFLAG": null,
        "EXT1": null,
        "EXT2": null,
        "EXT3": null,
        "HOSSERIAL": null,
        "EXT4": "次/人",
        "EXT5": null,
        "DOSEUNIT": null,
        "BATCHNO": null,
        "VALIDDATE": null
      },
      {
        "OPB_FEEDETAIL_FEEITEMID": "214667278",
        "OPB_FEEDETAIL_ORGCODE": "51049064",
        "OPB_FEEDETAIL_REGID": "214667458",
        "OPB_FEEDETAIL_RECIPEID": "42952632",
        "OPB_FEEDETAIL_SEQNO": "0",
        "OPB_FEEDETAIL_TRANSTYPE": "1",
        "OPB_FEEDETAIL_REGDPCD": "015",
        "OPB_FEEDETAIL_DOCTCODE": "081",
        "OPB_FEEDETAIL_GROUPID": null,
        "OPB_FEEDETAIL_GROUPNAME": null,
        "OPB_FEEDETAIL_ITEMID": "Y1426148902500",
        "OPB_FEEDETAIL_ITEMNAME": "狂犬疫苗",
        "OPB_FEEDETAIL_DRUGFLAG": "1",
        "OPB_FEEDETAIL_SPECS": "0.5ml*1支",
        "OPB_FEEDETAIL_DOSEMODELCODE": "104",
        "OPB_FEEDETAIL_FEECODE": "11",
        "OPB_FEEDETAIL_UNITPRICE": "53",
        "OPB_FEEDETAIL_QTY": "1",
        "OPB_FEEDETAIL_DAYS": "1",
        "OPB_FEEDETAIL_PACKQTY": "1",
        "OPB_FEEDETAIL_PRICEUNIT": "支",
        "OPB_FEEDETAIL_TOTCOST": "53",
        "OPB_FEEDETAIL_OWNCOST": "53",
        "OPB_FEEDETAIL_PAYCOST": "0",
        "OPB_FEEDETAIL_PUBCOST": "0",
        "OPB_FEEDETAIL_EXECDPCD": "006",
        "OPB_FEEDETAIL_EXECDPNM": "外科门诊",
        "OPB_FEEDETAIL_SICODE": null,
        "OPB_FEEDETAIL_ITEMGRADE": "2",
        "OPB_FEEDETAIL_ITEMSTATUS": "0",
        "OPB_FEEDETAIL_INVOICEID": "214667460",
        "OPB_FEEDETAIL_INVOCODE": "11",
        "OPB_FEEDETAIL_FEEOPCD": "081",
        "OPB_FEEDETAIL_FEEDATE": "1497512263000",
        "ITEMTYPE": null,
        "INVONAME": null,
        "PRINTNO": null,
        "DAYS": null,
        "SCALRATION": "1",
        "OPB_FEEDETAIL_SENDFLAG": "0",
        "OPB_FEEDETAIL_RETURNQTY": null,
        "RETURNCOST": null,
        "OPB_FEEDETAIL_DRUGTYPE": "1",
        "QUITQTY": null,
        "changeRecipeNo": null,
        "QUITPRICEUNIT": null,
        "ORDERID": null,
        "AKC228": null,
        "AKE051": null,
        "AKC268": null,
        "ISSELFFLAG": null,
        "EXT1": null,
        "EXT2": null,
        "EXT3": null,
        "HOSSERIAL": null,
        "EXT4": "支",
        "EXT5": null,
        "DOSEUNIT": null,
        "BATCHNO": "333333",
        "VALIDDATE": null
      }
    ]
  }
}